{
    "weights": {
        "xgb": 1.0
    },
    "threshold": 0.10898989898989898,
    "meta": {
        "profit": 224249.9,
        "auc": 0.9040543687007886
    }
}