{
    "weights": {
        "xgb": 1.0
    },
    "threshold": 0.15848484848484848,
    "meta": {
        "profit": 225897.42,
        "auc": 0.9063812313390824
    }
}